iter	Recall	Logloss
0	0.8560606061	0.6579202361
75	0.9772727273	0.2184140147
150	1	0.1211790838
