iter	Recall	Logloss
0	0.8059701493	0.6636882305
75	1	0.1357613412
150	1	0.0642640072
225	1	0.03492069642
299	1	0.02227813909
