iter	F1	Logloss
0	0.8207171315	0.6647367319
75	0.9197080292	0.2757342554
150	0.9626865672	0.1846545272
225	0.992481203	0.1237111756
299	0.992481203	0.0879411135
